id,number_hash
PHN-0001,HASH5618742930
PHN-0002,HASH1420514789
PHN-0003,HASH2015242176
PHN-0004,HASH7040502394
PHN-0005,HASH3067418686
PHN-0006,HASH9008612465
PHN-0007,HASH4875962612
PHN-0008,HASH6002078344
PHN-0009,HASH6971815972
PHN-0010,HASH8667072205
PHN-0011,HASH6520103410
PHN-0012,HASH3090237817
PHN-0013,HASH6110572428
PHN-0014,HASH9841118422
PHN-0015,HASH9851745355
PHN-0016,HASH2346922426
PHN-0017,HASH9805294274
PHN-0018,HASH3281169403
PHN-0019,HASH3181106786
PHN-0020,HASH4656488400
PHN-0021,HASH9884231465
PHN-0022,HASH9881824272
PHN-0023,HASH4701485292
PHN-0024,HASH2734202799
PHN-0025,HASH3446737272
PHN-0026,HASH9760623742
PHN-0027,HASH5647083348
PHN-0028,HASH2119980130
PHN-0029,HASH2349409434
PHN-0030,HASH6435772945
PHN-0031,HASH8067372072
PHN-0032,HASH7258731893
PHN-0033,HASH5018948187
PHN-0034,HASH5334976883
PHN-0035,HASH1429416213
PHN-0036,HASH3309122187
PHN-0037,HASH7467725516
PHN-0038,HASH6344160868
PHN-0039,HASH2224011538
PHN-0040,HASH3271782991
PHN-0041,HASH7676965974
PHN-0042,HASH4771526597
PHN-0043,HASH2135872495
PHN-0044,HASH4821286999
PHN-0045,HASH5962610986
PHN-0046,HASH2472659626
PHN-0047,HASH8958199946
PHN-0048,HASH7465682673
PHN-0049,HASH1218179599
PHN-0050,HASH8019198243
PHN-0051,HASH8856990236
PHN-0052,HASH1189351213
PHN-0053,HASH9503167458
PHN-0054,HASH8325785916
PHN-0055,HASH3409076656
PHN-0056,HASH1480494664
PHN-0057,HASH3373077218
PHN-0058,HASH2845919895
PHN-0059,HASH5474620894
PHN-0060,HASH2536778950
