id,name,address_id
VIC-0001,Arjun Naik,ADDR-0010
VIC-0002,Kiran Rao,ADDR-0006
VIC-0003,Ramesh Reddy,ADDR-0036
VIC-0004,Kiran Patil,ADDR-0039
VIC-0005,Ravi Gowda,ADDR-0034
VIC-0006,Naveen Hegde,ADDR-0029
VIC-0007,Manoj Patil,ADDR-0020
VIC-0008,Ravi Kumar,ADDR-0040
VIC-0009,Sunil Reddy,ADDR-0014
VIC-0010,Anil Gowda,ADDR-0017
VIC-0011,Anil Reddy,ADDR-0011
VIC-0012,Ramesh Naik,ADDR-0036
VIC-0013,Vikram Naik,ADDR-0001
VIC-0014,Naveen Hegde,ADDR-0039
VIC-0015,Prakash Rao,ADDR-0003
VIC-0016,Ramesh Rao,ADDR-0019
VIC-0017,Sunil Hegde,ADDR-0005
VIC-0018,Anil Gowda,ADDR-0017
VIC-0019,Kiran Gowda,ADDR-0028
VIC-0020,Vikram Gowda,ADDR-0010
VIC-0021,Manoj Naik,ADDR-0005
VIC-0022,Arjun Naik,ADDR-0020
VIC-0023,Ravi Rao,ADDR-0029
VIC-0024,Vikram Hegde,ADDR-0020
VIC-0025,Sunil Patil,ADDR-0018
VIC-0026,Ganesh Hegde,ADDR-0029
VIC-0027,Vikram Kumar,ADDR-0028
VIC-0028,Sunil Shetty,ADDR-0039
VIC-0029,Manoj Kumar,ADDR-0006
VIC-0030,Ramesh Kumar,ADDR-0018
VIC-0031,Ravi Kumar,ADDR-0012
VIC-0032,Prakash Hegde,ADDR-0018
VIC-0033,Suresh Patil,ADDR-0032
VIC-0034,Vikram Hegde,ADDR-0023
VIC-0035,Naveen Shetty,ADDR-0021
VIC-0036,Anil Reddy,ADDR-0011
VIC-0037,Deepak Patil,ADDR-0032
VIC-0038,Manoj Patil,ADDR-0036
VIC-0039,Arjun Hegde,ADDR-0006
VIC-0040,Deepak Rao,ADDR-0021
